{
    "extrinsic": [ 0.0625666089119701,   -0.998021964187949,    -0.00613012623730141,        -0.215424739527230,
		   -0.151077250525747,    -0.00339938678871338,     -0.988516114457949,         -0.120541267392768,
		    0.986539955512618,    0.0627742237537781,   -0.150991102417571,         -0.164504810828037,
		   0.0,   0.0,   0.0,    1.0000],
    "intrinsic": [738.264936107773,	0.0,	619.168236211166,
		  0.0,	737.794823072168,	371.029702332477,
		  0.0,	0.0,	1.0]
}
