{ "extrinsic": [0.00840510785491956,	-0.999961190748392,	-0.002640295249633,	0.168286110980556,
-0.142759677144184,	0.00141339341761096,	-0.989756372498170,	-0.0469181408292542,
0.989721692570005	,0.008695936758344,	-0.142742257023837,	-0.150966608607935,
0.0,	0.0,	0.0,	1.0],
        
    "intrinsic": [757.158013839009,	0.0,	336.551379339968,
		0.0,	757.102894126381,	272.352206300216,
		0.0,	0.0,	1.0]
}


